pmid	forename_lastname	affiliation
28022092	B_J_Thibodeau	William Beaumont Hospital, Royal Oak, MI.
28022092	T_J_Geddes	William Beaumont Hospital, Royal Oak, MI.
28022092	S_Ahmed	William Beaumont Hospital, Royal Oak, MI.
28022092	B_L_Pruetz	William Beaumont Hospital, Royal Oak, MI.
28022092	P_Y_Chen	William Beaumont Hospital, Royal Oak, MI.
28022092	G_D_Wilson	William Beaumont Hospital, Royal Oak, MI.
28022092	J_A_Akervall	William Beaumont Hospital, Royal Oak, MI.
28021976	N_Daraselia	Ariadne Inc., Rockville, MD; AltheaDx, San Diego, CA; Cureline Inc., South San Francisco, CA; BiPar Sciences, South San Francisco, CA.
28021976	Y_Wang	Ariadne Inc., Rockville, MD; AltheaDx, San Diego, CA; Cureline Inc., South San Francisco, CA; BiPar Sciences, South San Francisco, CA.
28021976	A_Budoff	Ariadne Inc., Rockville, MD; AltheaDx, San Diego, CA; Cureline Inc., South San Francisco, CA; BiPar Sciences, South San Francisco, CA.
28021976	A_Lituev	Ariadne Inc., Rockville, MD; AltheaDx, San Diego, CA; Cureline Inc., South San Francisco, CA; BiPar Sciences, South San Francisco, CA.
28021976	O_Potapova	Ariadne Inc., Rockville, MD; AltheaDx, San Diego, CA; Cureline Inc., South San Francisco, CA; BiPar Sciences, South San Francisco, CA.
28021976	J_Monforte	Ariadne Inc., Rockville, MD; AltheaDx, San Diego, CA; Cureline Inc., South San Francisco, CA; BiPar Sciences, South San Francisco, CA.
28021976	V_Ossovskaya	Ariadne Inc., Rockville, MD; AltheaDx, San Diego, CA; Cureline Inc., South San Francisco, CA; BiPar Sciences, South San Francisco, CA.
27924190	Sreedevi_Chandrasekaran	Center for the Study of Biological Complexity, Virginia Commonwealth University, Richmond, VA, USA.
27924190	Danail_Bonchev	Center for the Study of Biological Complexity, Virginia Commonwealth University, Richmond, VA, USA.
27859320	Chris_Cheadle	Department of Medicine, Johns Hopkins University School of Medicine, Baltimore, Maryland.
27859320	Hongbao_Cao	Department of Genomics Research, R&amp;D Solutions, Rockville, Maryland.
27859320	Andrey_Kalinin	Department of Genomics Research, R&amp;D Solutions, Rockville, Maryland.
27859320	Jaqui_Hodgkinson	Department of Genomics Research, R&amp;D Solutions, Rockville, Maryland.
27857161	Joelle_Makoukji	Department of Biochemistry and Molecular Genetics, American University of Beirut Medical Center, Beirut, Lebanon.
27857161	Nadine_J_Makhoul	Department of Biochemistry and Molecular Genetics, American University of Beirut Medical Center, Beirut, Lebanon.
27857161	Maya_Khalil	Department of Internal Medicine, University of Miami Miller SOM Regional Campus, 5301 S. Congress Avenue, Atlantis City, Fl 33462, US.
27857161	Sally_El-Sitt	Department of Biochemistry and Molecular Genetics, American University of Beirut Medical Center, Beirut, Lebanon.
27857161	Ehab_Saad_Aldin	Department of Radiology, University of Iowa Hospitals and Clinics, 200 Hawkins Drive, Iowa City, IA 52242, US.
27857161	Mark_Jabbour	Department of Pathology and Laboratory Medicine, American University of Beirut Medical Center, Beirut, Lebanon.
27857161	Fouad_Boulos	Department of Pathology and Laboratory Medicine, American University of Beirut Medical Center, Beirut, Lebanon.
27857161	Emanuela_Gadaleta	Centre for Molecular Oncology, Barts Cancer Institute, Queen Mary University of London, Charterhouse Square, London EC1M 6BQ, UK.
27857161	Ajanthah_Sangaralingam	Department of Pathology and Laboratory Medicine, American University of Beirut Medical Center, Beirut, Lebanon.
27857161	Claude_Chelala	Centre for Molecular Oncology, Barts Cancer Institute, Queen Mary University of London, Charterhouse Square, London EC1M 6BQ, UK.
27857161	Rose-Mary_Boustany	Neurogenetics Program and Division of Pediatric Neurology, Department of Pediatrics and Adolescent Medicine, American University of Beirut Medical Center, Beirut, Lebanon.
27857161	Arafat_Tfayli	Department of Internal Medicine, American University of Beirut Medical Center, Beirut, Lebanon.
27653868	Natalia_Kondratieva	Faculty of Biology, Lomonosov Moscow State University, Moscow, Russia.
27653868	Julia_Azimova	University Headache Clinic, Moscow, Russia.
27653868	Kirill_Skorobogatykh	University Headache Clinic, Moscow, Russia.
27653868	Alexey_Sergeev	University Headache Clinic, Moscow, Russia; Department of Neuroscience, Scientific-Research Centre, Sechenov First Moscow State Medical University, Moscow, Russia.
27653868	Elena_Naumova	Faculty of Biology, Lomonosov Moscow State University, Moscow, Russia; University Headache Clinic, Moscow, Russia.
27653868	Zarema_Kokaeva	Faculty of Biology, Lomonosov Moscow State University, Moscow, Russia.
27653868	Arina_Anuchina	Faculty of Biology, Lomonosov Moscow State University, Moscow, Russia.
27653868	Olga_Rudko	Faculty of Biology, Lomonosov Moscow State University, Moscow, Russia.
27653868	Gyuzyal_Tabeeva	University Headache Clinic, Moscow, Russia; Department of Neuroscience, Scientific-Research Centre, Sechenov First Moscow State Medical University, Moscow, Russia.
27653868	Eugene_Klimov	Faculty of Biology, Lomonosov Moscow State University, Moscow, Russia; University Diagnostic Laboratory, Moscow, Russia. Electronic address: klimov_eugeney@mail.ru.
27536272	Himanshu_Manchanda	Research Group Systems Biology and Bioinformatics, Leibniz Institute for Natural Product Research and Infection Biology - Hans Knoell InstituteJena, Germany; Department of Virology and Antiviral Therapy, Jena University HospitalJena, Germany.
27536272	Nora_Seidel	Department of Virology and Antiviral Therapy, Jena University Hospital Jena, Germany.
27536272	Markus_F_Blaess	Integrated Research and Treatment Center - Center for Sepsis Control and Care, Jena University HospitalJena, Germany; Department of Anaesthesiology and Intensive Care Medicine, Research Unit Experimental Anesthesiology, Jena University HospitalJena, Germany.
27536272	Ralf_A_Claus	Integrated Research and Treatment Center - Center for Sepsis Control and Care, Jena University HospitalJena, Germany; Department of Anaesthesiology and Intensive Care Medicine, Research Unit Experimental Anesthesiology, Jena University HospitalJena, Germany.
27536272	Joerg_Linde	Research Group Systems Biology and Bioinformatics, Leibniz Institute for Natural Product Research and Infection Biology - Hans Knoell Institute Jena, Germany.
27536272	Hortense_Slevogt	Centre of Innovation Competence (ZIK) Septomics, Jena University Hospital Jena, Germany.
27536272	Andreas_Sauerbrei	Department of Virology and Antiviral Therapy, Jena University Hospital Jena, Germany.
27536272	Reinhard_Guthke	Research Group Systems Biology and Bioinformatics, Leibniz Institute for Natural Product Research and Infection Biology - Hans Knoell Institute Jena, Germany.
27536272	Michaela_Schmidtke	Department of Virology and Antiviral Therapy, Jena University Hospital Jena, Germany.
27497640	Jia-Rong_Gao	Department of Pharmacy, The First Affiliated Hospital of Anhui University of Chinese Medicine, 117 Meishan Road, Hefei 230031, China. Electronic address: zyfygjr2006@163.com.
27497640	Xiu-Juan_Qin	College of Pharmacy, Anhui university of Chinese Medicine, 103 Meishan Road, Hefei, China.
27497640	Hui_Jiang	Department of Pharmacy, The First Affiliated Hospital of Anhui University of Chinese Medicine, 117 Meishan Road, Hefei 230031, China.
27497640	Ting_Wang	College of Pharmacy, Anhui university of Chinese Medicine, 103 Meishan Road, Hefei, China.
27497640	Jun-Mei_Song	College of Pharmacy, Anhui university of Chinese Medicine, 103 Meishan Road, Hefei, China.
27497640	Shuang-Zhi_Xu	College of Pharmacy, Anhui university of Chinese Medicine, 103 Meishan Road, Hefei, China.
27328024	Maria_K_Herndon	School of Molecular Biosciences and the Center for Reproductive Biology, Washington State University, Pullman WA 99163, USA. Electronic address: mkmeyer@vetmed.wsu.edu.
27328024	Nathan_C_Law	School of Molecular Biosciences and the Center for Reproductive Biology, Washington State University, Pullman WA 99163, USA. Electronic address: nathan_law@vetmed.wsu.edu.
27328024	Elyse_M_Donaubauer	School of Molecular Biosciences and the Center for Reproductive Biology, Washington State University, Pullman WA 99163, USA. Electronic address: edonaubauer@vetmed.wsu.edu.
27328024	Brandon_Kyriss	School of Molecular Biosciences and the Center for Reproductive Biology, Washington State University, Pullman WA 99163, USA. Electronic address: kyrissbp@gmail.com.
27328024	Mary_Hunzicker-Dunn	School of Molecular Biosciences and the Center for Reproductive Biology, Washington State University, Pullman WA 99163, USA. Electronic address: mehd@wsu.edu.
27269583	Johann_Bauer	a Informationsvermittlung , Max-Planck Institute for Biochemistry , Martinsried , Germany.
27269583	Markus_Bussen	b Lifescience , Elsevier Information System GmbH , Frankfurt am Main , Germany.
27269583	Petra_Wise	c Hematology/Oncology, Children's Hospital Los Angeles , University of Southern California , Los Angeles , CA , USA.
27269583	Markus_Wehland	d Clinic for Plastic, Aesthetic and Hand Surgery , Otto-von-Guericke-University Magdeburg , Magdeburg , Germany.
27269583	Sabine_Schneider	a Informationsvermittlung , Max-Planck Institute for Biochemistry , Martinsried , Germany.
27269583	Daniela_Grimm	e Institute of Biomedicine, Pharmacology , Aarhus University , Aarhus , Denmark.
27233742	Katalin_Völgyi	MTA-ELTE NAP B Laboratory of Molecular and Systems Neurobiology, Department of Physiology and Neurobiology, Institute of Biology, Hungarian Academy of Sciences and Eötvös Loránd University, Budapest, Hungary.
27233742	Edina_Brigitta_Udvari	MTA-ELTE NAP B Laboratory of Molecular and Systems Neurobiology, Department of Physiology and Neurobiology, Institute of Biology, Hungarian Academy of Sciences and Eötvös Loránd University, Budapest, Hungary; Laboratory of Proteomics, Institute of Biology, Eötvös Loránd University, Budapest, Hungary.
27233742	Éva_Rebeka_Szabó	MTA-ELTE NAP B Laboratory of Molecular and Systems Neurobiology, Department of Physiology and Neurobiology, Institute of Biology, Hungarian Academy of Sciences and Eötvös Loránd University, Budapest, Hungary; Laboratory of Neuromorphology, Department of Anatomy, Histology and Embryology, Semmelweis University, Budapest, Hungary.
27233742	Balázs_András_Györffy	Laboratory of Proteomics, Institute of Biology, Eötvös Loránd University, Budapest, Hungary; MTA-ELTE NAP B Neuroimmunology Research Group, Department of Biochemistry, Institute of Biology, Eötvös Loránd University, Budapest, Hungary.
27233742	Éva_Hunyadi-Gulyás	Laboratory of Proteomics Research, Biological Research Centre, Hungarian Academy of Sciences, Szeged, Hungary.
27233742	Katalin_Medzihradszky	Laboratory of Proteomics Research, Biological Research Centre, Hungarian Academy of Sciences, Szeged, Hungary.
27233742	Gábor_Juhász	Laboratory of Proteomics, Institute of Biology, Eötvös Loránd University, Budapest, Hungary; MTA-TTK NAP B MS Neuroproteomics Research Group, Hungarian Academy of Sciences, Budapest, Hungary.
27233742	Katalin_Adrienna_Kékesi	Laboratory of Proteomics, Institute of Biology, Eötvös Loránd University, Budapest, Hungary; Department of Physiology and Neurobiology, Institute of Biology, Eötvös Loránd University, Budapest, Hungary.
27233742	Árpád_Dobolyi	MTA-ELTE NAP B Laboratory of Molecular and Systems Neurobiology, Department of Physiology and Neurobiology, Institute of Biology, Hungarian Academy of Sciences and Eötvös Loránd University, Budapest, Hungary. Electronic address: dobolyia@caesar.elte.hu.
27070589	Stefan_Riwaldt	Plastic, Aesthetic and Hand Surgery, Otto-von-Guericke University Clinic, Leipziger Str. 44, 39120 Magdeburg, Germany. stefan.riwaldt@med.ovgu.de.
27070589	Johann_Bauer	Max Planck Institute for Biochemistry, Am Klopferspitz 18, 82152 Martinsried, Germany. jbauer@biochem.mpg.de.
27070589	Markus_Wehland	Plastic, Aesthetic and Hand Surgery, Otto-von-Guericke University Clinic, Leipziger Str. 44, 39120 Magdeburg, Germany. markus.wehland@med.ovgu.de.
27070589	Lasse_Slumstrup	Institute of Biomedicine, Aarhus University, Wilhelm Meyers Allé 4, 8000 Aarhus C, Denmark. slumstrup@biomed.au.dk.
27070589	Sascha_Kopp	Plastic, Aesthetic and Hand Surgery, Otto-von-Guericke University Clinic, Leipziger Str. 44, 39120 Magdeburg, Germany. sascha.kopp@med.ovgu.de.
27070589	Elisabeth_Warnke	Plastic, Aesthetic and Hand Surgery, Otto-von-Guericke University Clinic, Leipziger Str. 44, 39120 Magdeburg, Germany. elisabeth.warnke@med.ovgu.de.
27070589	Anita_Dittrich	Institute of Biomedicine, Aarhus University, Wilhelm Meyers Allé 4, 8000 Aarhus C, Denmark. adit88@gmail.com.
27070589	Nils_E_Magnusson	Medical Research Laboratory, Department of Clinical Medicine, Faculty of Health, Aarhus University, 8000 Aarhus C, Denmark. nm@clin.au.dk.
27070589	Jessica_Pietsch	Plastic, Aesthetic and Hand Surgery, Otto-von-Guericke University Clinic, Leipziger Str. 44, 39120 Magdeburg, Germany. jessica.pietsch@med.ovgu.de.
27070589	Thomas_J_Corydon	Institute of Biomedicine, Aarhus University, Wilhelm Meyers Allé 4, 8000 Aarhus C, Denmark. corydon@biomed.au.dk.
27070589	Manfred_Infanger	Plastic, Aesthetic and Hand Surgery, Otto-von-Guericke University Clinic, Leipziger Str. 44, 39120 Magdeburg, Germany. manfred.infanger@med.ovgu.de.
27070589	Daniela_Grimm	Institute of Biomedicine, Aarhus University, Wilhelm Meyers Allé 4, 8000 Aarhus C, Denmark. dgg@biomed.au.dk.
26884679	John_C_Stansfield	Department of Mathematics and Statistics, The College of New Jersey, Ewing, NJ, USA.
26884679	Matthew_Rusay	Department of Mathematics and Statistics, The College of New Jersey, Ewing, NJ, USA.
26884679	Roger_Shan	Department of Mathematics and Statistics, The College of New Jersey, Ewing, NJ, USA.
26884679	Conor_Kelton	Department of Mathematics and Statistics, The College of New Jersey, Ewing, NJ, USA.
26884679	Daria_A_Gaykalova	Department of Otolaryngology-Head and Neck Surgery, Johns Hopkins Medical Institutions, Baltimore, MD, USA.
26884679	Elana_J_Fertig	Division of Oncology Biostatistics and Bioinformatics, Johns Hopkins School of Medicine, Baltimore, MD, USA.
26884679	Joseph_A_Califano	Department of Otolaryngology-Head and Neck Surgery, Johns Hopkins Medical Institutions, Baltimore, MD, USA.; Milton J. Dance Jr. Head and Neck Center, Greater Baltimore Medical Center, Baltimore, MD, USA.
26884679	Michael_F_Ochs	Department of Mathematics and Statistics, The College of New Jersey, Ewing, NJ, USA.
26784894	Sreedevi_Chandrasekaran	Center for the Study of Biological Complexity, Virginia Commonwealth University, Richmond, Virginia, United States of America.
26784894	Danail_Bonchev	Center for the Study of Biological Complexity, Virginia Commonwealth University, Richmond, Virginia, United States of America.
26633361	Stefan_Riwaldt	Plastic, Aesthetic and Hand Surgery, Otto-von-Guericke University Clinic, Leipziger Str. 44, 39120 Magdeburg, Germany. stefan.riwaldt@med.ovgu.de.
26633361	Johann_Bauer	Max Planck Institute for Biochemistry, Am Klopferspitz 18, 82152 Martinsried, Germany. jbauer@biochem.mpg.de.
26633361	Jessica_Pietsch	Plastic, Aesthetic and Hand Surgery, Otto-von-Guericke University Clinic, Leipziger Str. 44, 39120 Magdeburg, Germany. jessica.pietsch@med.ovgu.de.
26633361	Markus_Braun	Institute for Molecular Physiology and Biotechnology of Plants (IMBIO), Gravitational Biology Group, University of Bonn, Karlrobert-Kreiten-Str. 13, 53115 Bonn, Germany. m.braun@dlr.de.
26633361	Jürgen_Segerer	Airbus Defense and Space GmbH (ADS), Claude-Dornier-Straße, 88090 Immenstaad, Germany. juergen.segerer@airbus.com.
26633361	Achim_Schwarzwälder	Airbus Defense and Space GmbH (ADS), Claude-Dornier-Straße, 88090 Immenstaad, Germany. achim.schwarzwaelder@airbus.com.
26633361	Thomas_J_Corydon	Institute of Biomedicine, Aarhus University, Wilhelm Meyers Allé 4, 8000 Aarhus C, Denmark. corydon@biomed.au.dk.
26633361	Manfred_Infanger	Plastic, Aesthetic and Hand Surgery, Otto-von-Guericke University Clinic, Leipziger Str. 44, 39120 Magdeburg, Germany. manfred.infanger@med.ovgu.de.
26633361	Daniela_Grimm	Institute of Biomedicine, Aarhus University, Wilhelm Meyers Allé 4, 8000 Aarhus C, Denmark. dgg@biomed.au.dk.
26279084	Deivendran_Rengaraj	Department of Animal Science and Technology, Chung-Ang University , Anseong, Gyeonggi-Do 456-756, Republic of Korea.
26279084	Woo-Sung_Kwon	Department of Animal Science and Technology, Chung-Ang University , Anseong, Gyeonggi-Do 456-756, Republic of Korea.
26279084	Myung-Geol_Pang	Department of Animal Science and Technology, Chung-Ang University , Anseong, Gyeonggi-Do 456-756, Republic of Korea.
26042666	Aline_S_M_Cesar	Department of Animal Science, University of São Paulo, Piracicaba, SP, 13418-900, Brazil.
26042666	Luciana_C_A_Regitano	Embrapa Southeast-Cattle Research Center, São Carlos, SP, 13560-970, Brazil.
26042666	James_E_Koltes	Department of Animal Science, Iowa State University, Ames, IA, 50011, United States of America.
26042666	Eric_R_Fritz-Waters	Department of Animal Science, Iowa State University, Ames, IA, 50011, United States of America.
26042666	Dante_P_D_Lanna	Department of Animal Science, University of São Paulo, Piracicaba, SP, 13418-900, Brazil.
26042666	Gustavo_Gasparin	Department of Animal Science, University of São Paulo, Piracicaba, SP, 13418-900, Brazil.
26042666	Gerson_B_Mourão	Department of Animal Science, University of São Paulo, Piracicaba, SP, 13418-900, Brazil.
26042666	Priscila_S_N_Oliveira	Department of Genetics and Evolution, Federal University of São Carlos, São Carlos, SP, 13565-905, Brazil.
26042666	James_M_Reecy	Department of Animal Science, Iowa State University, Ames, IA, 50011, United States of America.
26042666	Luiz_L_Coutinho	Department of Animal Science, University of São Paulo, Piracicaba, SP, 13418-900, Brazil.
26020309	C_M_Pilcher	
26020309	C_K_Jones	
26020309	M_Schroyen	
26020309	A_J_Severin	
26020309	J_F_Patience	
26020309	C_K_Tuggle	
26020309	J_E_Koltes	
26010865	Hannah_E_J_Yong	Department of Perinatal Medicine, Pregnancy Research Centre and The University of Melbourne, Department of Obstetrics and Gynaecology, The Royal Women's Hospital, Locked Bag 300, Corner Grattan Street and Flemington Road, Parkville, 3052, Victoria, Australia.
26010865	Phillip_E_Melton	Centre for Genetic Origins of Health and Disease, The University of Western Australia, 35 Stirling Highway, Crawley, 6009, Western Australia, Australia.
26010865	Matthew_P_Johnson	Department of Genetics, Texas Biomedical Research Institute, P.O. Box 760549, San Antonio, Texas, United States of America.
26010865	Katy_A_Freed	Department of Genetics, Texas Biomedical Research Institute, P.O. Box 760549, San Antonio, Texas, United States of America.
26010865	Bill_Kalionis	Department of Perinatal Medicine, Pregnancy Research Centre and The University of Melbourne, Department of Obstetrics and Gynaecology, The Royal Women's Hospital, Locked Bag 300, Corner Grattan Street and Flemington Road, Parkville, 3052, Victoria, Australia.
26010865	Padma_Murthi	Department of Perinatal Medicine, Pregnancy Research Centre and The University of Melbourne, Department of Obstetrics and Gynaecology, The Royal Women's Hospital, Locked Bag 300, Corner Grattan Street and Flemington Road, Parkville, 3052, Victoria, Australia.
26010865	Shaun_P_Brennecke	Department of Perinatal Medicine, Pregnancy Research Centre and The University of Melbourne, Department of Obstetrics and Gynaecology, The Royal Women's Hospital, Locked Bag 300, Corner Grattan Street and Flemington Road, Parkville, 3052, Victoria, Australia.
26010865	Rosemary_J_Keogh	Department of Perinatal Medicine, Pregnancy Research Centre and The University of Melbourne, Department of Obstetrics and Gynaecology, The Royal Women's Hospital, Locked Bag 300, Corner Grattan Street and Flemington Road, Parkville, 3052, Victoria, Australia.
26010865	Eric_K_Moses	Centre for Genetic Origins of Health and Disease, The University of Western Australia, 35 Stirling Highway, Crawley, 6009, Western Australia, Australia.
25924610	James_E_Koltes	Department of Animal Science, Iowa State University, 2255 Kildee Hall, Ames, IA, 50011, USA. jekoltes@iastate.edu.
25924610	Dinesh_Kumar	Current address: Centre for Agricultural Bioinformatics, Indian Agricultural Statistics Research Institute, Library Avenue, PUSA, New Delhi, 110012, India. dineshkumarbhu@gmail.com.
25924610	Ranjit_S_Kataria	National Bureau of Animal Genetic Resources, Karnal, 132001, Haryana, India. katariaranji@yahoo.co.in.
25924610	Vickie_Cooper	Veterinary Diagnostics and Production Animal Medicine, Iowa State University College of Veterinary Medicine, Ames, IA, 50011-3150, USA. vcooper@iastate.edu.
25924610	James_M_Reecy	Department of Animal Science, Iowa State University, 2255 Kildee Hall, Ames, IA, 50011, USA. jreecy@iastate.edu.
25886259	Ji_Hye_Lee	Department of Obstetrics and Gynecology, Ewha Womans University, Seoul, South Korea.
25886259	Jae_Young_Yoo	Department of Obstetrics and Gynecology, Ewha Womans University, Seoul, South Korea.
25886259	Young-Ah_You	Department of Obstetrics and Gynecology, Ewha Womans University, Seoul, South Korea.
25886259	Woo-Sung_Kwon	Department of Animal Science and Technology, Chung-Ang University, Anseong, Gyeonggi-Do 456-756, South Korea.
25886259	Sang_Mi_Lee	Department of Obstetrics and Gynecology, Ewha Womans University, Seoul, South Korea.
25886259	Myung-Geol_Pang	Department of Animal Science and Technology, Chung-Ang University, Anseong, Gyeonggi-Do 456-756, South Korea.
25886259	Young_Ju_Kim	Department of Obstetrics and Gynecology, Ewha Womans University, Seoul, South Korea.
25881313	Vladimir_A_Ivanisenko	
25881313	Olga_V_Saik	
25881313	Nikita_V_Ivanisenko	
25881313	Evgeny_S_Tiys	
25881313	Timofey_V_Ivanisenko	
25881313	Pavel_S_Demenkov	
25881313	Nikolay_A_Kolchanov	
25879409	Andrey_S_Glotov	
25879409	Evgeny_S_Tiys	
25879409	Elena_S_Vashukova	
25879409	Vladimir_S_Pakin	
25879409	Pavel_S_Demenkov	
25879409	Olga_V_Saik	
25879409	Timofey_V_Ivanisenko	
25879409	Olga_N_Arzhanova	
25879409	Elena_V_Mozgovaya	
25879409	Marina_S_Zainulina	
25879409	Nikolay_A_Kolchanov	
25879409	Vladislav_S_Baranov	
25879409	Vladimir_A_Ivanisenko	
25683910	J-F_Collard	Laboratoire de Recherche en Orthopédie Traumatologie (LROT), Hôpital Erasme - Université Libre de Bruxelles (ULB), Brussels, Belgium. Electronic address: jcollard@ulb.ac.be.
25683910	M_Hinsenkamp	Laboratoire de Recherche en Orthopédie Traumatologie (LROT), Hôpital Erasme - Université Libre de Bruxelles (ULB), Brussels, Belgium.
25330896	Guozhang_Kang	The Collaborative Innovation Center of Henan Grain Crops, Henan Agricultural University , Zhengzhou, 450002, China.
25330896	Gezi_Li	
25330896	Lina_Wang	
25330896	Liting_Wei	
25330896	Yang_Yang	
25330896	Pengfei_Wang	
25330896	Yingying_Yang	
25330896	Yonghua_Wang	
25330896	Wei_Feng	
25330896	Chenyang_Wang	
25330896	Tiancai_Guo	
25315394	Woo-Sung_Kwon	
25315394	Md_Saidur_Rahman	
25315394	June-Sub_Lee	
25315394	Jin_Kim	
25315394	Sung-Jae_Yoon	
25315394	Yoo-Jin_Park	
25315394	Young-Ah_You	
25315394	Seongsoo_Hwang	
25315394	Myung-Geol_Pang	Department of Animal Science &amp; Technology, Chung-Ang University, Anseong, Gyeonggi-do 456-756, Republic of Korea. mgpang@cau.ac.kr.
25229777	Deug-Nam_Kwon	Department of Animal Biotechnology, Konkuk University, Seoul, South Korea.
25229777	Byung-Soo_Chang	Department of Cosmetology, Hanseo University, Seosan, Chungnam, South Korea.
25229777	Jin-Hoi_Kim	Department of Animal Biotechnology, Konkuk University, Seoul, South Korea.
25223855	Woo-Sung_Kwon	Department of Animal Science &amp; Technology, Chung-Ang University , Anseong, Gyeonggi-do 456-756, Republic of Korea.
25223855	Md_Saidur_Rahman	
25223855	Myung-Geol_Pang	
25149502	Sol_Moe_Lee	
25149502	Myungguen_Chung	
25149502	Kyu_Jam_Hwang	
25149502	Young_Ran_Ju	
25149502	Jae_Wook_Hyeon	
25149502	Jun-Sun_Park	
25149502	Chi-Kyeong_Kim	
25149502	Sangho_Choi	
25149502	Jeongmin_Lee	
25149502	Su_Yeon_Kim	Division of Zoonoses, Center for Immunology and Pathology, National Institute of Health, Korea Center for Disease Control and Prevention, Cheongju-si 363-700, Korea. tenksy@korea.kr.
24989895	Peter_Kupfer	Leibnitz Institute for Natural Product Research and Infection Biology - Hans-Knöll-Institute, Beutenbergstr, 11a, 07745 Jena, Germany. peter.kupfer@hki-jena.de.
24989895	René_Huber	
24989895	Michael_Weber	
24989895	Sebastian_Vlaic	
24989895	Thomas_Häupl	
24989895	Dirk_Koczan	
24989895	Reinhard_Guthke	
24989895	Raimund_W_Kinne	
24877140	Md_Saidur_Rahman	Department of Animal Science and Technology, Chung-Ang University, 4726 Seodong-daero, Anseong, Gyeonggi-Do 456-756, Republic of Korea.
24877140	Woo-Sung_Kwon	Department of Animal Science and Technology, Chung-Ang University, 4726 Seodong-daero, Anseong, Gyeonggi-Do 456-756, Republic of Korea.
24877140	Myung-Geol_Pang	Department of Animal Science and Technology, Chung-Ang University, 4726 Seodong-daero, Anseong, Gyeonggi-Do 456-756, Republic of Korea.
24690414	Dirk_Woetzel	
24690414	Rene_Huber	
24690414	Peter_Kupfer	
24690414	Dirk_Pohlers	
24690414	Michael_Pfaff	
24690414	Dominik_Driesch	
24690414	Thomas_Häupl	
24690414	Dirk_Koczan	
24690414	Peter_Stiehl	
24690414	Reinhard_Guthke	
24690414	Raimund_W_Kinne	
24673814	Yin-Ling_Wong	Department of Physiology, Universiti Kebangsaan Malaysia, Kuala Lumpur, Malaysia.
24673814	Ahmad_Zailani_Hatta_Mohd_Dali	Department of Obstetrics and Gynecology, Universiti Kebangsaan Malaysia, Kuala Lumpur, Malaysia.
24673814	Isa_Mohamed_Rose	Department of Pathology, Faculty of Medicine, Universiti Kebangsaan Malaysia, Kuala Lumpur, Malaysia.
24673814	Rahman_Jamal	UKM Medical Molecular Biology Institute, Universiti Kebangsaan Malaysia, Kuala Lumpur, Malaysia.
24673814	Norfilza_Mohd_Mokhtar	UKM Medical Molecular Biology Institute, Universiti Kebangsaan Malaysia, Kuala Lumpur, Malaysia.
24595241	Yonggang_Peng	State Key Laboratory of Plant Genomics and National Center for Plant Gene Research, Institute of Genetics and Developmental Biology, Chinese Academy of Sciences, Beijing 100101, China. ygpeng@genetics.ac.cn.
24595241	Gang_Wei	State Key Laboratory of Plant Genomics and National Center for Plant Gene Research, Institute of Genetics and Developmental Biology, Chinese Academy of Sciences, Beijing 100101, China. weigang2007@gmail.com.
24595241	Lei_Zhang	State Key Laboratory of Plant Genomics and National Center for Plant Gene Research, Institute of Genetics and Developmental Biology, Chinese Academy of Sciences, Beijing 100101, China. lzhang@genetics.ac.cn.
24595241	Guozhen_Liu	Key Laboratory of Genome Sciences and Information, Beijing Institute of Genomics, Chinese Academy of Sciences, Beijing 101300, China. gzhliu@genomics.org.cn.
24595241	Xiaoli_Wei	State Key Laboratory of Plant Genomics and National Center for Plant Gene Research, Institute of Genetics and Developmental Biology, Chinese Academy of Sciences, Beijing 100101, China. xlwei@genetics.ac.cn.
24595241	Zhen_Zhu	State Key Laboratory of Plant Genomics and National Center for Plant Gene Research, Institute of Genetics and Developmental Biology, Chinese Academy of Sciences, Beijing 100101, China. zzhu@genetics.ac.cn.
24275941	Mehar_Hasan_Asif	National Botanical Research Institute, Council of Scientific and Industrial Research (CSIR-NBRI), Rana Pratap Marg, Lucknow, 226001, India.
24275941	Deepika_Lakhwani	
24275941	Sumya_Pathak	
24275941	Sweta_Bhambhani	
24275941	Sumit_K_Bag	
24275941	Prabodh_Kumar_Trivedi	
24099273	Hui-Min_Chen	a Department of Gastroenterology and Hepatology, Renji Hospital, School of Medicine , Shanghai Jiao-Tong University , Shanghai , China.
24099273	Yan-Wei_Lin	
24099273	Ji-Lin_Wang	
24099273	Xuan_Kong	
24099273	Jie_Hong	
24099273	Jing-Yuan_Fang	
24012219	Jae-Jun_Song	Department of Otorhinolaryngology-Head and Neck Surgery, Dongguk University Ilsan Hospital, Goyang, Gyeonggi, Republic of Korea.
24012219	Jee_Young_Kwon	
24012219	Moo_Kyun_Park	
24012219	Young_Rok_Seo	
23961958	Li_Deng	Guangzhou Women and Children′s Medical Center, Guangzhou 510120, Guangdong, China.
23961958	Hong-Ling_Jia	
23961958	Chao-Wu_Liu	
23961958	Yu-Fen_Xu	
23961958	Li-Jia_Mao	
23961958	Chun-Hui_He	
23961958	Gen-Quan_Yin	
23961958	Jun-Hong_Lin	
23961958	Jian-Ping_Tao	
23961958	Li_Zhu	
23562747	Gale_Newman	Department of Microbiology, Biochemistry and Immunology, Morehouse School of Medicine, Atlanta, GA 30310, United States. Electronic address: gnewman@msm.edu.
23562747	Ruben_Rene_Gonzalez-Perez	
23504501	Md_Mujibur_Rahman	Department of Life Science, Dongguk University-Seoul, 26 Pil-dong 3-ga, Jung-gu, Seoul 100-715, Republic of Korea.
23504501	Young_Rok_Seo	
26317099	Siva_K_Panguluri	Department of Pharmaceutical Sciences, College of Pharmacy, University of South Florida, 12901 Bruce B Downs Boulevard MDC030, Tampa, FL 33612, USA.
26317099	Nobuyuki_Kuwabara	Anatomical Sciences and Neurobiology, School of Medicine, University of Louisville, Louisville, KY 40292, USA.
26317099	Nigel_Cooper	Anatomical Sciences and Neurobiology, School of Medicine, University of Louisville, Louisville, KY 40292, USA.
26317099	Srinivas_M_Tipparaju	Department of Pharmaceutical Sciences, College of Pharmacy, University of South Florida, 12901 Bruce B Downs Boulevard MDC030, Tampa, FL 33612, USA.
26317099	Kevin_B_Sneed	Department of Pharmaceutical Sciences, College of Pharmacy, University of South Florida, 12901 Bruce B Downs Boulevard MDC030, Tampa, FL 33612, USA.
26317099	Robert_F_Lundy	Anatomical Sciences and Neurobiology, School of Medicine, University of Louisville, Louisville, KY 40292, USA.
24688734	Sreedevi_Chandrasekaran	Center for the Study of Biological Complexity, Virginia Commonwealth University, United States.
24688734	Danail_Bonchev	Center for the Study of Biological Complexity, Virginia Commonwealth University, United States.
22944462	Nan_Li	Department of Pediatrics, University of Florida, 1600 SW Archer Road, Gainesville, FL 32610, USA.
22944462	Maria_C_Quidgley	
22944462	Firas_H_Kobeissy	
22944462	Jessica_Joseph	
22944462	Josef_Neu	
22926964	Ga-Hee_Shin	Insilicogen Inc., Gyeonggi-do, Korea.
22926964	Markus_Veen	
22926964	Ulf_Stahl	
22926964	Christine_Lang	
22850470	Rosfayati_Othman	Department of Physiology, Faculty of Medicine, Universiti Kebangsaan Malaysia, Kuala Lumpur, Malaysia.
22850470	Mohd_Hashim_Omar	
22850470	Lim_Pei_Shan	
22850470	Mohd_Nasir_Shafiee	
22850470	Rahman_Jamal	
22850470	Norfilza_Mohd_Mokhtar	
22736935	Wan'E_Lim	Singapore Eye Research Institute, Singapore.
22736935	Jia_Lin_Kwan	
22736935	Liang_Kee_Goh	
22736935	Roger_W_Beuerman	
22736935	Veluchamy_A_Barathi	
22576057	Kang_Liu	The State Key Laboratory of Crop Genetics and Germplasm Enhancement, Nanjing Agricultural University, Nanjing, Jiangsu 210095, China. kangliu@njau.edu.cn
22576057	Jing_Sun	
22576057	Liangyu_Yao	
22576057	Youlu_Yuan	
22487523	A_Rogers	Department of Surgery, Trinity College Dublin, The Adelaide and Meath Hospital Incorporating the National Children's Hospital, Tallaght, Dublin 24, Ireland.
22487523	M_J_Smith	
22487523	P_Doolan	
22487523	C_Clarke	
22487523	M_Clynes	
22487523	J_F_Murphy	
22487523	A_McDermott	
22487523	N_Swan	
22487523	P_Crotty	
22487523	P_F_Ridgway	
22487523	K_C_Conlon	
22326768	Nancy_Lan_Guo	Department of Community Medicine, West Virginia University, Morgantown, WV 26506, USA. lguo@hsc.wvu.edu
22326768	Ying-Wooi_Wan	
22301196	C_Maria_Keet	School of Computer Science, University of KwaZulu-Natal, Private Bag X54001, 4000 Durban, South Africa. keet@ukzn.ac.za
22272227	Vinod_Vathipadiekal	Massachusetts General Hospital Cancer Center, Massachusetts General Hospital, Harvard Medical School, Boston, Massachusetts, United States of America.
22272227	Deepa_Saxena	
22272227	Samuel_C_Mok	
22272227	Peter_V_Hauschka	
22272227	Laurent_Ozbun	
22272227	Michael_J_Birrer	
22178533	Pei-Shi_Ong	Department of Pharmacy, National University of Singapore, 18 Science Drive 4, Singapore 117 543, Singapore. phaops@nus.edu.sg
22178533	Sui-Yung_Chan	
22178533	Paul_C_Ho	
22021908	Jeng-Wei_Lu	Institute of Molecular and Genomic Medicine, National Health Research Institutes, Taiwan.
22021908	Yu_Hsia	
22021908	Wan-Yu_Yang	
22021908	Yu-I_Lin	
22021908	Chao-Chin_Li	
22021908	Ting-Fen_Tsai	
22021908	Ko-Wei_Chang	
22021908	Grace_S_Shieh	
22021908	Shih-Feng_Tsai	
22021908	Horng-Dar_Wang	
22021908	Chiou-Hwa_Yuh	
22008206	Alexandre_De_la_Fuente	Rheumatology Division, Cellular Therapy Unit, INIBIC-Hospital Universitario A Coruña, 15006 A Coruña-Spain.
22008206	Jesús_Mateos	
22008206	Iván_Lesende-Rodríguez	
22008206	Valentina_Calamia	
22008206	Isaac_Fuentes-Boquete	
22008206	Francisco_J_de_Toro	
22008206	Maria_C_Arufe	
22008206	Francisco_J_Blanco	
21857934	Ji-Lin_Wang	Division of Gastroenterology, Shanghai Jiao-Tong University School of Medicine, Renji Hospital, Shanghai Institute of Digestive Disease, Shanghai, China.
21857934	Yan-Wei_Lin	
21857934	Hui-Min_Chen	
21857934	Xuan_Kong	
21857934	Hua_Xiong	
21857934	Nan_Shen	
21857934	Jie_Hong	
21857934	Jing-Yuan_Fang	
21857521	Wei_Jiang	Obstetrics and Gynecology Hospital, Department of Obstetrics and Gynecology of Shanghai Medical School, PR China.
21857521	Weiliang_Qiu	
21857521	Yisheng_Wang	
21857521	Qing_Cong	
21857521	Dale_Edwards	
21857521	Bin_Ye	
21857521	Congjian_Xu	
21711528	Lin_Ruan	Key Laboratory of Cancer Proteomics of Chinese Ministry of Health, Xiangya Hospital, Central South University, Changsha 410008, China. zqxiao2001@hotmail.com.
21711528	Xin-Hui_Li	
21711528	Xun-Xun_Wan	
21711528	Hong_Yi	
21711528	Cui_Li	
21711528	Mao-Yu_Li	
21711528	Peng-Fei_Zhang	
21711528	Gu-Qing_Zeng	
21711528	Jia-Quan_Qu	
21711528	Qiu-Yan_He	
21711528	Jian-Huang_Li	
21711528	Yu_Chen	
21711528	Zhu-Chu_Chen	
21711528	Zhi-Qiang_Xiao	
21569507	Guillaume_Bussone	Institut Cochin, Université Paris Descartes, CNRS UMR 8104, 8 rue Méchain, F-75014 Paris, France.
21569507	Hanadi_Dib	
21569507	Mathieu_C_Tamby	
21569507	Cedric_Broussard	
21569507	Christian_Federici	
21569507	Geneviève_Woimant	
21569507	Luc_Camoin	
21569507	Loïc_Guillevin	
21569507	Luc_Mouthon	
21394739	Todd_A_Swanson	Department of Radiation Oncology, University of Texas, Medical Branch, Galveston, Texas; Department of Radiation Oncology, William Beaumont Hospital, Royal Oak, Michigan.
21394739	Sarah_A_Krueger	
21394739	Sandra_Galoforo	
21394739	Bryan_J_Thibodeau	
21394739	Alvaro_A_Martinez	
21394739	George_D_Wilson	
21394739	Brian_Marples	
21272652	Wei-Lun_Wang	Institute of Cellular and Organismic Biology, Academia Sinica, Nankang 115, Taipei, Taiwan.
21272652	Wangta_Liu	
21272652	Hong-Yi_Gong	
21272652	Jiann-Ruey_Hong	
21272652	Ching-Chun_Lin	
21272652	Jen-Leih_Wu	
21136955	Chuan-Le_Xiao	Institute of Life and Health Engineering, Jinan University, Guangzhou, P. R. China.
21136955	Zhi-Ping_Zhang	
21136955	Sheng_Xiong	
21136955	Chun-Hua_Lu	
21136955	Hong-Ping_Wei	
21136955	Hui-Lan_Zeng	
21136955	Zhi_Liu	
21136955	Xian-En_Zhang	
21136955	Feng_Ge	
25984394	Ying-Wooi_Wan	Mary Babb Randolph Cancer Center, West Virginia University, Morgantown, WV 26506-9300.
25984394	Changchang_Xiao	Mary Babb Randolph Cancer Center, West Virginia University, Morgantown, WV 26506-9300.
25984394	Nancy_Lan_Guo	Mary Babb Randolph Cancer Center, West Virginia University, Morgantown, WV 26506-9300.
21096084	Leonidas_G_Alexopoulos	Department of Mechanical Engineering of National Technical University of Athens, 15780 Greece.
21096084	Ioannis_N_Melas	
21096084	Aikaterini_D_Chairakaki	
21096084	Julio_Saez-Rodriguez	
21096084	Alexander_Mitsos	
20973258	Fatma_S_A_Saghir	Department of Physiology, Universiti Kebangsaan Malaysia, Kuala Lumpur, Malaysia.
20973258	Isa_Mohamed_Rose	
20973258	Ahmad_Zailani_Hatta_Mohd_Dali	
20973258	Zainab_Shamsuddin	
20973258	A_Rahman_A_Jamal	
20973258	Norfilza_Mohd_Mokhtar	
20926982	Viktoria_Bogner	Chirurgische Klinik und Poliklinik-Innenstadt, Ludwig-Maximilians University, Munich, Germany. Viktoria.Bogner@med.uni-muenchen.de
20926982	Bernd_A_Leidel	
20926982	Karl-Georg_Kanz	
20926982	Wolf_Mutschler	
20926982	Edmund_A_M_Neugebauer	
20926982	Peter_Biberthaler	
20861532	Su_Yean_Ong	Centre for Chemical Biology, Universiti Sains Malaysia, 1st Floor, Block B, No 10, Persiaran Bukit Jambul, 11900 Bayan Lepas, Pulau Pinang, Malaysia. moc.liamg@nullbccnaeyus
20861532	Fui_Ling_Ng	
20861532	Siti_Suriawati_Badai	
20861532	Anton_Yuryev	
20861532	Maqsudul_Alam	
20663702	Nicole_K_Henderson-Maclennan	Department of Pediatrics, David Geffen School of Medicine at UCLA, Los Angeles, CA 90095-7088, USA.
20663702	Jeanette_C_Papp	
20663702	C_Conover_Talbot	
20663702	Edward_R_B_McCabe	
20663702	Angela_P_Presson	
20650822	Sterling_Thomas	Center for the Study of Biological Complexity, Virginia Commonwealth University, Richmond, 23284-2030, USA.
20650822	Danail_Bonchev	
20556864	Ekaterina_Kotelnikova	Ariadne Genomics Inc. 9430 Key West avenue, Rockville, Maryland 20850, USA. ekotelnikova@gmail.com
20556864	Anton_Yuryev	
20556864	Ilya_Mazo	
20556864	Nikolai_Daraselia	
20001709	Zhen_Hou	Center of Clinical Reproductive Medicine, Department of Obstetrics and Gynecology, First Affiliated Hospital of Nanjing Medical University, Nanjing, China.
20001709	Liang_Sun	
20001709	Liying_Gao	
20001709	Lianming_Liao	
20001709	Yundong_Mao	
20001709	Jiayin_Liu	
19965878	Aaron_Ikin	School of Electrical Engineering and Computer Science The University of Newcastle, Callaghan, NSW, 2308, Australia.
19965878	Carlos_Riveros	
19965878	Pablo_Moscato	
19965878	Alexandre_Mendes	
23480468	Anton_Yuryev	Ariadne Genomics, Inc. 9430 Key West Ave, Rockville MD, 20850, USA +1 240 453 6296 ; +1 240 453 9026 ; nikolai@ariadnegenomics.com.
23480468	Ekaterina_Kotelnikova	
23480468	Nikolai_Daraselia	
19710940	Shumei_Bai	Institute of Biochemistry and Molecular Biology, School of Medicine, Shandong University, Shandong 250012, People's Republic of China.
19710940	Shilian_Liu	
19710940	Xuxiao_Guo	
19710940	Zhaoyu_Qin	
19710940	Banqin_Wang	
19710940	Xiaohong_Li	
19710940	Yanjiang_Qin	
19710940	Yi-Hsin_Liu	
19607655	Bindu_Nanduri	College of Veterinary Medicine, Mississippi State University, Mississippi State, MS 39762, USA. bnanduri@cvm.msstate.edu
19607655	Leslie_A_Shack	
19607655	Shane_C_Burgess	
19607655	Mark_L_Lawrence	
19615118	Jakob_Hedegaard	Aarhus University, Faculty of Agricultural Sciences, Department of Genetics and Biotechnology, P.O. Box 50 DK-8830 Tjele, Denmark. Jakob.Hedegaard@agrsci.dk
19615118	Cristina_Arce	
19615118	Silvio_Bicciato	
19615118	Agnès_Bonnet	
19615118	Bart_Buitenhuis	
19615118	Melania_Collado-Romero	
19615118	Lene_N_Conley	
19615118	Magali_Sancristobal	
19615118	Francesco_Ferrari	
19615118	Juan_J_Garrido	
19615118	Martien_A_M_Groenen	
19615118	Henrik_Hornshøj	
19615118	Ina_Hulsegge	
19615118	Li_Jiang	
19615118	Angeles_Jiménez-Marín	
19615118	Arun_Kommadath	
19615118	Sandrine_Lagarrigue	
19615118	Jack_A_M_Leunissen	
19615118	Laurence_Liaubet	
19615118	Pieter_B_T_Neerincx	
19615118	Haisheng_Nie	
19615118	Jan_van_der_Poel	
19615118	Dennis_Prickett	
19615118	María_Ramirez-Boo	
19615118	Johanna_M_J_Rebel	
19615118	Christèle_Robert-Granié	
19615118	Axel_Skarman	
19615118	Mari_A_Smits	
19615118	Peter_Sørensen	
19615118	Gwenola_Tosser-Klopp	
19615118	Michael_Watson	
19615111	Agnès_Bonnet	INRA, UMR444, Laboratoire de Génétique Cellulaire, F-31326 Castanet-Tolosan, France. agnes.bonnet@toulouse.inra.fr
19615111	Sandrine_Lagarrigue	
19615111	Laurence_Liaubet	
19615111	Christèle_Robert-Granié	
19615111	Magali_Sancristobal	
19615111	Gwenola_Tosser-Klopp	
19444643	Shumei_Bai	Institute of Biochemistry and Molecular Biology, School of Medicine, Shandong University, Shandong, People's Republic of China.
19444643	Shilian_Liu	
19444643	Xuxiao_Guo	
19444643	Zhaoyu_Qin	
19444643	Banqin_Wang	
19444643	Xiaohong_Li	
19444643	Yanjiang_Qin	
19209238	Yu-Jie_Jiang	Department of Hematology, Provincial Hospital affiliated to Shandong University, Jinan, China.
19209238	Qing_Sun	
19209238	Xiao-Sheng_Fang	
19209238	Xin_Wang	
19131553	Cynthia_A_Pise-Masison	Laboratory of Cellular Oncology, Center for Cancer Research, National Cancer Institute, National Institutes of Health, Bethesda, MD 20892, USA.
19131553	Michael_Radonovich	
19131553	Kathleen_Dohoney	
19131553	John_C_Morris	
19131553	Deirdre_O'Mahony	
19131553	Min-Jung_Lee	
19131553	Jane_Trepel	
19131553	Thomas_A_Waldmann	
19131553	John_E_Janik	
19131553	John_N_Brady	
18491321	Bindu_Nanduri	College of Veterinary Medicine, Mississippi State University, MS 39762, USA. bnanduri@cvm.msstate.edu
18491321	Pratik_Shah	
18491321	Mahalingam_Ramkumar	
18491321	Edward_B_Allen	
18491321	Edwin_Swiatlo	
18491321	Shane_C_Burgess	
18491321	Mark_L_Lawrence	
18384105	Tai_Du	Centre for Neuroscience, The University of Melbourne, Victoria, Australia.
18384105	Sharon_L_La_Fontaine	
18384105	Michael_Abdo	
18384105	Shayne_A_Bellingham	
18384105	Mark_Greenough	
18384105	Irene_Volitakis	
18384105	Robert_A_Cherny	
18384105	Ashley_I_Bush	
18384105	Peter_J_Hudson	
18384105	James_Camakaris	
18384105	Julian_F_Mercer	
18384105	Peter_J_Crouch	
18384105	Colin_L_Masters	
18384105	Victoria_M_Perreau	
18384105	Anthony_R_White	
17720984	Matthew_Suderman	McGill Centre for Bioinformatics, 3775 University Street, Montreal, QCH3A 2B4, Canada. msuder@mcb.mcgill.ca
17720984	Michael_Hallett	
17298298	Andrey_Y_Sivachenko	Ariadne Genomics, Inc., 9430 Key West Avenue, Rockville, MD 20850, USA. sivachenko@ariadnegenomics.com
17298298	Anton_Yuryev	
14594725	Alexander_Nikitin	Ariadne Genomics, Inc., 9700 Great Seneca Hgwy, Rockville, MD 20850, USA.
14594725	Sergei_Egorov	
14594725	Nikolai_Daraselia	
14594725	Ilya_Mazo	
